center,bldg,floor,time,raw,norm
Briscoe,Shoemaker,Floor 01,00:00:00,0,-0.584723275
Briscoe,Shoemaker,Floor 01,00:30:00,0,-0.584723275
Briscoe,Shoemaker,Floor 01,01:00:00,0,-0.584723275
Briscoe,Shoemaker,Floor 01,01:30:00,0,-0.584723275
Briscoe,Shoemaker,Floor 01,02:00:00,0,-0.584723275
Briscoe,Shoemaker,Floor 01,02:30:00,0,-0.584723275
Briscoe,Shoemaker,Floor 01,03:00:00,0,-0.584723275
Briscoe,Shoemaker,Floor 01,03:30:00,0,-0.584723275
Briscoe,Shoemaker,Floor 01,04:00:00,NaN,NaN
Briscoe,Shoemaker,Floor 01,04:30:00,0,-0.584723275
Briscoe,Shoemaker,Floor 01,05:00:00,0,-0.584723275
Briscoe,Shoemaker,Floor 01,05:30:00,0,-0.584723275
Briscoe,Shoemaker,Floor 01,06:00:00,0,-0.584723275
Briscoe,Shoemaker,Floor 01,06:30:00,0,-0.584723275
Briscoe,Shoemaker,Floor 01,07:00:00,0,-0.584723275
Briscoe,Shoemaker,Floor 01,07:30:00,0,-0.584723275
Briscoe,Shoemaker,Floor 01,08:00:00,0,-0.584723275
Briscoe,Shoemaker,Floor 01,08:30:00,0,-0.584723275
Briscoe,Shoemaker,Floor 01,09:00:00,0,-0.584723275
Briscoe,Shoemaker,Floor 01,09:30:00,0,-0.584723275
Briscoe,Shoemaker,Floor 01,10:00:00,0,-0.584723275
Briscoe,Shoemaker,Floor 01,10:30:00,0,-0.584723275
Briscoe,Shoemaker,Floor 01,11:00:00,1,0.119943236
Briscoe,Shoemaker,Floor 01,11:30:00,1,0.119943236
Briscoe,Shoemaker,Floor 01,12:00:00,3,1.529276258
Briscoe,Shoemaker,Floor 01,12:30:00,0,-0.584723275
Briscoe,Shoemaker,Floor 01,13:00:00,0,-0.584723275
Briscoe,Shoemaker,Floor 01,13:30:00,2,0.824609747
Briscoe,Shoemaker,Floor 01,14:00:00,2,0.824609747
Briscoe,Shoemaker,Floor 01,14:30:00,2,0.824609747
Briscoe,Shoemaker,Floor 01,15:00:00,0,-0.584723275
Briscoe,Shoemaker,Floor 01,15:30:00,0,-0.584723275
Briscoe,Shoemaker,Floor 01,16:00:00,0,-0.584723275
Briscoe,Shoemaker,Floor 01,16:30:00,1,0.119943236
Briscoe,Shoemaker,Floor 01,17:00:00,0,-0.584723275
Briscoe,Shoemaker,Floor 01,17:30:00,0,-0.584723275
Briscoe,Shoemaker,Floor 01,18:00:00,0,-0.584723275
Briscoe,Shoemaker,Floor 01,18:30:00,0,-0.584723275
Briscoe,Shoemaker,Floor 01,19:00:00,2,0.824609747
Briscoe,Shoemaker,Floor 01,19:30:00,3,1.529276258
Briscoe,Shoemaker,Floor 01,20:00:00,5,2.938609281
Briscoe,Shoemaker,Floor 01,20:30:00,3,1.529276258
Briscoe,Shoemaker,Floor 01,21:00:00,5,2.938609281
Briscoe,Shoemaker,Floor 01,21:30:00,4,2.23394277
Briscoe,Shoemaker,Floor 01,22:00:00,3,1.529276258
Briscoe,Shoemaker,Floor 01,22:30:00,2,0.824609747
Briscoe,Shoemaker,Floor 01,23:00:00,0,-0.584723275
Briscoe,Shoemaker,Floor 01,23:30:00,0,-0.584723275
Briscoe,Shoemaker,Floor 02,00:00:00,3,-0.670198331
Briscoe,Shoemaker,Floor 02,00:30:00,3,-0.670198331
Briscoe,Shoemaker,Floor 02,01:00:00,2,-0.873419761
Briscoe,Shoemaker,Floor 02,01:30:00,1,-1.07664119
Briscoe,Shoemaker,Floor 02,02:00:00,1,-1.07664119
Briscoe,Shoemaker,Floor 02,02:30:00,1,-1.07664119
Briscoe,Shoemaker,Floor 02,03:00:00,0,-1.279862619
Briscoe,Shoemaker,Floor 02,03:30:00,1,-1.07664119
Briscoe,Shoemaker,Floor 02,04:00:00,NaN,NaN
Briscoe,Shoemaker,Floor 02,04:30:00,0,-1.279862619
Briscoe,Shoemaker,Floor 02,05:00:00,1,-1.07664119
Briscoe,Shoemaker,Floor 02,05:30:00,1,-1.07664119
Briscoe,Shoemaker,Floor 02,06:00:00,0,-1.279862619
Briscoe,Shoemaker,Floor 02,06:30:00,0,-1.279862619
Briscoe,Shoemaker,Floor 02,07:00:00,0,-1.279862619
Briscoe,Shoemaker,Floor 02,07:30:00,0,-1.279862619
Briscoe,Shoemaker,Floor 02,08:00:00,0,-1.279862619
Briscoe,Shoemaker,Floor 02,08:30:00,1,-1.07664119
Briscoe,Shoemaker,Floor 02,09:00:00,2,-0.873419761
Briscoe,Shoemaker,Floor 02,09:30:00,6,-0.060534043
Briscoe,Shoemaker,Floor 02,10:00:00,4,-0.466976902
Briscoe,Shoemaker,Floor 02,10:30:00,9,0.549130245
Briscoe,Shoemaker,Floor 02,11:00:00,12,1.158794534
Briscoe,Shoemaker,Floor 02,11:30:00,12,1.158794534
Briscoe,Shoemaker,Floor 02,12:00:00,9,0.549130245
Briscoe,Shoemaker,Floor 02,12:30:00,13,1.362015963
Briscoe,Shoemaker,Floor 02,13:00:00,11,0.955573104
Briscoe,Shoemaker,Floor 02,13:30:00,10,0.752351675
Briscoe,Shoemaker,Floor 02,14:00:00,11,0.955573104
Briscoe,Shoemaker,Floor 02,14:30:00,10,0.752351675
Briscoe,Shoemaker,Floor 02,15:00:00,16,1.971680251
Briscoe,Shoemaker,Floor 02,15:30:00,8,0.345908816
Briscoe,Shoemaker,Floor 02,16:00:00,12,1.158794534
Briscoe,Shoemaker,Floor 02,16:30:00,11,0.955573104
Briscoe,Shoemaker,Floor 02,17:00:00,10,0.752351675
Briscoe,Shoemaker,Floor 02,17:30:00,10,0.752351675
Briscoe,Shoemaker,Floor 02,18:00:00,13,1.362015963
Briscoe,Shoemaker,Floor 02,18:30:00,14,1.565237393
Briscoe,Shoemaker,Floor 02,19:00:00,13,1.362015963
Briscoe,Shoemaker,Floor 02,19:30:00,10,0.752351675
Briscoe,Shoemaker,Floor 02,20:00:00,7,0.142687387
Briscoe,Shoemaker,Floor 02,20:30:00,6,-0.060534043
Briscoe,Shoemaker,Floor 02,21:00:00,7,0.142687387
Briscoe,Shoemaker,Floor 02,21:30:00,6,-0.060534043
Briscoe,Shoemaker,Floor 02,22:00:00,5,-0.263755472
Briscoe,Shoemaker,Floor 02,22:30:00,11,0.955573104
Briscoe,Shoemaker,Floor 02,23:00:00,9,0.549130245
Briscoe,Shoemaker,Floor 02,23:30:00,4,-0.466976902
Briscoe,Shoemaker,Floor 03,00:00:00,7,0.137250032
Briscoe,Shoemaker,Floor 03,00:30:00,6,-0.058227286
Briscoe,Shoemaker,Floor 03,01:00:00,2,-0.840136561
Briscoe,Shoemaker,Floor 03,01:30:00,2,-0.840136561
Briscoe,Shoemaker,Floor 03,02:00:00,2,-0.840136561
Briscoe,Shoemaker,Floor 03,02:30:00,1,-1.03561388
Briscoe,Shoemaker,Floor 03,03:00:00,1,-1.03561388
Briscoe,Shoemaker,Floor 03,03:30:00,0,-1.231091198
Briscoe,Shoemaker,Floor 03,04:00:00,NaN,NaN
Briscoe,Shoemaker,Floor 03,04:30:00,0,-1.231091198
Briscoe,Shoemaker,Floor 03,05:00:00,0,-1.231091198
Briscoe,Shoemaker,Floor 03,05:30:00,0,-1.231091198
Briscoe,Shoemaker,Floor 03,06:00:00,0,-1.231091198
Briscoe,Shoemaker,Floor 03,06:30:00,0,-1.231091198
Briscoe,Shoemaker,Floor 03,07:00:00,0,-1.231091198
Briscoe,Shoemaker,Floor 03,07:30:00,0,-1.231091198
Briscoe,Shoemaker,Floor 03,08:00:00,0,-1.231091198
Briscoe,Shoemaker,Floor 03,08:30:00,2,-0.840136561
Briscoe,Shoemaker,Floor 03,09:00:00,1,-1.03561388
Briscoe,Shoemaker,Floor 03,09:30:00,5,-0.253704605
Briscoe,Shoemaker,Floor 03,10:00:00,6,-0.058227286
Briscoe,Shoemaker,Floor 03,10:30:00,5,-0.253704605
Briscoe,Shoemaker,Floor 03,11:00:00,9,0.52820467
Briscoe,Shoemaker,Floor 03,11:30:00,8,0.332727351
Briscoe,Shoemaker,Floor 03,12:00:00,8,0.332727351
Briscoe,Shoemaker,Floor 03,12:30:00,6,-0.058227286
Briscoe,Shoemaker,Floor 03,13:00:00,9,0.52820467
Briscoe,Shoemaker,Floor 03,13:30:00,7,0.137250032
Briscoe,Shoemaker,Floor 03,14:00:00,8,0.332727351
Briscoe,Shoemaker,Floor 03,14:30:00,10,0.723681988
Briscoe,Shoemaker,Floor 03,15:00:00,10,0.723681988
Briscoe,Shoemaker,Floor 03,15:30:00,7,0.137250032
Briscoe,Shoemaker,Floor 03,16:00:00,8,0.332727351
Briscoe,Shoemaker,Floor 03,16:30:00,8,0.332727351
Briscoe,Shoemaker,Floor 03,17:00:00,7,0.137250032
Briscoe,Shoemaker,Floor 03,17:30:00,5,-0.253704605
Briscoe,Shoemaker,Floor 03,18:00:00,7,0.137250032
Briscoe,Shoemaker,Floor 03,18:30:00,7,0.137250032
Briscoe,Shoemaker,Floor 03,19:00:00,10,0.723681988
Briscoe,Shoemaker,Floor 03,19:30:00,11,0.919159307
Briscoe,Shoemaker,Floor 03,20:00:00,13,1.310113944
Briscoe,Shoemaker,Floor 03,20:30:00,15,1.701068582
Briscoe,Shoemaker,Floor 03,21:00:00,22,3.069409812
Briscoe,Shoemaker,Floor 03,21:30:00,17,2.092023219
Briscoe,Shoemaker,Floor 03,22:00:00,11,0.919159307
Briscoe,Shoemaker,Floor 03,22:30:00,14,1.505591263
Briscoe,Shoemaker,Floor 03,23:00:00,11,0.919159307
Briscoe,Shoemaker,Floor 03,23:30:00,8,0.332727351
Briscoe,Shoemaker,Floor 04,00:00:00,2,-0.836878371
Briscoe,Shoemaker,Floor 04,00:30:00,1,-1.004254045
Briscoe,Shoemaker,Floor 04,01:00:00,1,-1.004254045
Briscoe,Shoemaker,Floor 04,01:30:00,2,-0.836878371
Briscoe,Shoemaker,Floor 04,02:00:00,0,-1.17162972
Briscoe,Shoemaker,Floor 04,02:30:00,1,-1.004254045
Briscoe,Shoemaker,Floor 04,03:00:00,1,-1.004254045
Briscoe,Shoemaker,Floor 04,03:30:00,1,-1.004254045
Briscoe,Shoemaker,Floor 04,04:00:00,NaN,NaN
Briscoe,Shoemaker,Floor 04,04:30:00,1,-1.004254045
Briscoe,Shoemaker,Floor 04,05:00:00,0,-1.17162972
Briscoe,Shoemaker,Floor 04,05:30:00,0,-1.17162972
Briscoe,Shoemaker,Floor 04,06:00:00,0,-1.17162972
Briscoe,Shoemaker,Floor 04,06:30:00,0,-1.17162972
Briscoe,Shoemaker,Floor 04,07:00:00,0,-1.17162972
Briscoe,Shoemaker,Floor 04,07:30:00,0,-1.17162972
Briscoe,Shoemaker,Floor 04,08:00:00,2,-0.836878371
Briscoe,Shoemaker,Floor 04,08:30:00,2,-0.836878371
Briscoe,Shoemaker,Floor 04,09:00:00,1,-1.004254045
Briscoe,Shoemaker,Floor 04,09:30:00,0,-1.17162972
Briscoe,Shoemaker,Floor 04,10:00:00,3,-0.669502697
Briscoe,Shoemaker,Floor 04,10:30:00,9,0.334751348
Briscoe,Shoemaker,Floor 04,11:00:00,8,0.167375674
Briscoe,Shoemaker,Floor 04,11:30:00,13,1.004254045
Briscoe,Shoemaker,Floor 04,12:00:00,14,1.17162972
Briscoe,Shoemaker,Floor 04,12:30:00,14,1.17162972
Briscoe,Shoemaker,Floor 04,13:00:00,15,1.339005394
Briscoe,Shoemaker,Floor 04,13:30:00,11,0.669502697
Briscoe,Shoemaker,Floor 04,14:00:00,15,1.339005394
Briscoe,Shoemaker,Floor 04,14:30:00,14,1.17162972
Briscoe,Shoemaker,Floor 04,15:00:00,16,1.506381068
Briscoe,Shoemaker,Floor 04,15:30:00,18,1.841132416
Briscoe,Shoemaker,Floor 04,16:00:00,13,1.004254045
Briscoe,Shoemaker,Floor 04,16:30:00,17,1.673756742
Briscoe,Shoemaker,Floor 04,17:00:00,13,1.004254045
Briscoe,Shoemaker,Floor 04,17:30:00,11,0.669502697
Briscoe,Shoemaker,Floor 04,18:00:00,10,0.502127023
Briscoe,Shoemaker,Floor 04,18:30:00,8,0.167375674
Briscoe,Shoemaker,Floor 04,19:00:00,11,0.669502697
Briscoe,Shoemaker,Floor 04,19:30:00,6,-0.167375674
Briscoe,Shoemaker,Floor 04,20:00:00,9,0.334751348
Briscoe,Shoemaker,Floor 04,20:30:00,6,-0.167375674
Briscoe,Shoemaker,Floor 04,21:00:00,12,0.836878371
Briscoe,Shoemaker,Floor 04,21:30:00,12,0.836878371
Briscoe,Shoemaker,Floor 04,22:00:00,10,0.502127023
Briscoe,Shoemaker,Floor 04,22:30:00,14,1.17162972
Briscoe,Shoemaker,Floor 04,23:00:00,9,0.334751348
Briscoe,Shoemaker,Floor 04,23:30:00,3,-0.669502697
Briscoe,Shoemaker,Floor 05,00:00:00,4,-0.485328183
Briscoe,Shoemaker,Floor 05,00:30:00,3,-0.654294292
Briscoe,Shoemaker,Floor 05,01:00:00,2,-0.8232604
Briscoe,Shoemaker,Floor 05,01:30:00,2,-0.8232604
Briscoe,Shoemaker,Floor 05,02:00:00,1,-0.992226508
Briscoe,Shoemaker,Floor 05,02:30:00,1,-0.992226508
Briscoe,Shoemaker,Floor 05,03:00:00,1,-0.992226508
Briscoe,Shoemaker,Floor 05,03:30:00,0,-1.161192616
Briscoe,Shoemaker,Floor 05,04:00:00,NaN,NaN
Briscoe,Shoemaker,Floor 05,04:30:00,0,-1.161192616
Briscoe,Shoemaker,Floor 05,05:00:00,0,-1.161192616
Briscoe,Shoemaker,Floor 05,05:30:00,0,-1.161192616
Briscoe,Shoemaker,Floor 05,06:00:00,0,-1.161192616
Briscoe,Shoemaker,Floor 05,06:30:00,0,-1.161192616
Briscoe,Shoemaker,Floor 05,07:00:00,0,-1.161192616
Briscoe,Shoemaker,Floor 05,07:30:00,1,-0.992226508
Briscoe,Shoemaker,Floor 05,08:00:00,3,-0.654294292
Briscoe,Shoemaker,Floor 05,08:30:00,2,-0.8232604
Briscoe,Shoemaker,Floor 05,09:00:00,2,-0.8232604
Briscoe,Shoemaker,Floor 05,09:30:00,1,-0.992226508
Briscoe,Shoemaker,Floor 05,10:00:00,1,-0.992226508
Briscoe,Shoemaker,Floor 05,10:30:00,3,-0.654294292
Briscoe,Shoemaker,Floor 05,11:00:00,3,-0.654294292
Briscoe,Shoemaker,Floor 05,11:30:00,5,-0.316362075
Briscoe,Shoemaker,Floor 05,12:00:00,7,0.021570141
Briscoe,Shoemaker,Floor 05,12:30:00,12,0.866400683
Briscoe,Shoemaker,Floor 05,13:00:00,14,1.204332899
Briscoe,Shoemaker,Floor 05,13:30:00,15,1.373299008
Briscoe,Shoemaker,Floor 05,14:00:00,7,0.021570141
Briscoe,Shoemaker,Floor 05,14:30:00,12,0.866400683
Briscoe,Shoemaker,Floor 05,15:00:00,14,1.204332899
Briscoe,Shoemaker,Floor 05,15:30:00,11,0.697434575
Briscoe,Shoemaker,Floor 05,16:00:00,9,0.359502358
Briscoe,Shoemaker,Floor 05,16:30:00,11,0.697434575
Briscoe,Shoemaker,Floor 05,17:00:00,12,0.866400683
Briscoe,Shoemaker,Floor 05,17:30:00,9,0.359502358
Briscoe,Shoemaker,Floor 05,18:00:00,11,0.697434575
Briscoe,Shoemaker,Floor 05,18:30:00,13,1.035366791
Briscoe,Shoemaker,Floor 05,19:00:00,7,0.021570141
Briscoe,Shoemaker,Floor 05,19:30:00,9,0.359502358
Briscoe,Shoemaker,Floor 05,20:00:00,14,1.204332899
Briscoe,Shoemaker,Floor 05,20:30:00,17,1.711231224
Briscoe,Shoemaker,Floor 05,21:00:00,17,1.711231224
Briscoe,Shoemaker,Floor 05,21:30:00,20,2.218129549
Briscoe,Shoemaker,Floor 05,22:00:00,15,1.373299008
Briscoe,Shoemaker,Floor 05,22:30:00,13,1.035366791
Briscoe,Shoemaker,Floor 05,23:00:00,12,0.866400683
Briscoe,Shoemaker,Floor 05,23:30:00,7,0.021570141
Briscoe,Shoemaker,Floor 06,00:00:00,5,-0.454396936
Briscoe,Shoemaker,Floor 06,00:30:00,2,-0.947242844
Briscoe,Shoemaker,Floor 06,01:00:00,1,-1.111524814
Briscoe,Shoemaker,Floor 06,01:30:00,4,-0.618678906
Briscoe,Shoemaker,Floor 06,02:00:00,4,-0.618678906
Briscoe,Shoemaker,Floor 06,02:30:00,0,-1.275806783
Briscoe,Shoemaker,Floor 06,03:00:00,2,-0.947242844
Briscoe,Shoemaker,Floor 06,03:30:00,1,-1.111524814
Briscoe,Shoemaker,Floor 06,04:00:00,NaN,NaN
Briscoe,Shoemaker,Floor 06,04:30:00,0,-1.275806783
Briscoe,Shoemaker,Floor 06,05:00:00,0,-1.275806783
Briscoe,Shoemaker,Floor 06,05:30:00,0,-1.275806783
Briscoe,Shoemaker,Floor 06,06:00:00,0,-1.275806783
Briscoe,Shoemaker,Floor 06,06:30:00,2,-0.947242844
Briscoe,Shoemaker,Floor 06,07:00:00,2,-0.947242844
Briscoe,Shoemaker,Floor 06,07:30:00,2,-0.947242844
Briscoe,Shoemaker,Floor 06,08:00:00,1,-1.111524814
Briscoe,Shoemaker,Floor 06,08:30:00,2,-0.947242844
Briscoe,Shoemaker,Floor 06,09:00:00,1,-1.111524814
Briscoe,Shoemaker,Floor 06,09:30:00,1,-1.111524814
Briscoe,Shoemaker,Floor 06,10:00:00,1,-1.111524814
Briscoe,Shoemaker,Floor 06,10:30:00,3,-0.782960875
Briscoe,Shoemaker,Floor 06,11:00:00,9,0.202730941
Briscoe,Shoemaker,Floor 06,11:30:00,7,-0.125832998
Briscoe,Shoemaker,Floor 06,12:00:00,9,0.202730941
Briscoe,Shoemaker,Floor 06,12:30:00,11,0.531294879
Briscoe,Shoemaker,Floor 06,13:00:00,15,1.188422757
Briscoe,Shoemaker,Floor 06,13:30:00,13,0.859858818
Briscoe,Shoemaker,Floor 06,14:00:00,10,0.36701291
Briscoe,Shoemaker,Floor 06,14:30:00,14,1.024140787
Briscoe,Shoemaker,Floor 06,15:00:00,12,0.695576849
Briscoe,Shoemaker,Floor 06,15:30:00,18,1.681268665
Briscoe,Shoemaker,Floor 06,16:00:00,12,0.695576849
Briscoe,Shoemaker,Floor 06,16:30:00,13,0.859858818
Briscoe,Shoemaker,Floor 06,17:00:00,15,1.188422757
Briscoe,Shoemaker,Floor 06,17:30:00,17,1.516986695
Briscoe,Shoemaker,Floor 06,18:00:00,15,1.188422757
Briscoe,Shoemaker,Floor 06,18:30:00,14,1.024140787
Briscoe,Shoemaker,Floor 06,19:00:00,9,0.202730941
Briscoe,Shoemaker,Floor 06,19:30:00,10,0.36701291
Briscoe,Shoemaker,Floor 06,20:00:00,15,1.188422757
Briscoe,Shoemaker,Floor 06,20:30:00,12,0.695576849
Briscoe,Shoemaker,Floor 06,21:00:00,10,0.36701291
Briscoe,Shoemaker,Floor 06,21:30:00,16,1.352704726
Briscoe,Shoemaker,Floor 06,22:00:00,13,0.859858818
Briscoe,Shoemaker,Floor 06,22:30:00,19,1.845550634
Briscoe,Shoemaker,Floor 06,23:00:00,13,0.859858818
Briscoe,Shoemaker,Floor 06,23:30:00,10,0.36701291
Briscoe,Shoemaker,Floor 07,00:00:00,7,0.048976879
Briscoe,Shoemaker,Floor 07,00:30:00,9,0.467506574
Briscoe,Shoemaker,Floor 07,01:00:00,6,-0.160287968
Briscoe,Shoemaker,Floor 07,01:30:00,3,-0.788082511
Briscoe,Shoemaker,Floor 07,02:00:00,2,-0.997347358
Briscoe,Shoemaker,Floor 07,02:30:00,0,-1.415877053
Briscoe,Shoemaker,Floor 07,03:00:00,1,-1.206612206
Briscoe,Shoemaker,Floor 07,03:30:00,0,-1.415877053
Briscoe,Shoemaker,Floor 07,04:00:00,NaN,NaN
Briscoe,Shoemaker,Floor 07,04:30:00,1,-1.206612206
Briscoe,Shoemaker,Floor 07,05:00:00,0,-1.415877053
Briscoe,Shoemaker,Floor 07,05:30:00,0,-1.415877053
Briscoe,Shoemaker,Floor 07,06:00:00,0,-1.415877053
Briscoe,Shoemaker,Floor 07,06:30:00,0,-1.415877053
Briscoe,Shoemaker,Floor 07,07:00:00,0,-1.415877053
Briscoe,Shoemaker,Floor 07,07:30:00,3,-0.788082511
Briscoe,Shoemaker,Floor 07,08:00:00,3,-0.788082511
Briscoe,Shoemaker,Floor 07,08:30:00,4,-0.578817663
Briscoe,Shoemaker,Floor 07,09:00:00,2,-0.997347358
Briscoe,Shoemaker,Floor 07,09:30:00,3,-0.788082511
Briscoe,Shoemaker,Floor 07,10:00:00,1,-1.206612206
Briscoe,Shoemaker,Floor 07,10:30:00,4,-0.578817663
Briscoe,Shoemaker,Floor 07,11:00:00,5,-0.369552816
Briscoe,Shoemaker,Floor 07,11:30:00,5,-0.369552816
Briscoe,Shoemaker,Floor 07,12:00:00,6,-0.160287968
Briscoe,Shoemaker,Floor 07,12:30:00,10,0.676771422
Briscoe,Shoemaker,Floor 07,13:00:00,11,0.886036269
Briscoe,Shoemaker,Floor 07,13:30:00,13,1.304565964
Briscoe,Shoemaker,Floor 07,14:00:00,10,0.676771422
Briscoe,Shoemaker,Floor 07,14:30:00,10,0.676771422
Briscoe,Shoemaker,Floor 07,15:00:00,12,1.095301116
Briscoe,Shoemaker,Floor 07,15:30:00,12,1.095301116
Briscoe,Shoemaker,Floor 07,16:00:00,14,1.513830811
Briscoe,Shoemaker,Floor 07,16:30:00,15,1.723095659
Briscoe,Shoemaker,Floor 07,17:00:00,7,0.048976879
Briscoe,Shoemaker,Floor 07,17:30:00,14,1.513830811
Briscoe,Shoemaker,Floor 07,18:00:00,11,0.886036269
Briscoe,Shoemaker,Floor 07,18:30:00,10,0.676771422
Briscoe,Shoemaker,Floor 07,19:00:00,10,0.676771422
Briscoe,Shoemaker,Floor 07,19:30:00,8,0.258241727
Briscoe,Shoemaker,Floor 07,20:00:00,9,0.467506574
Briscoe,Shoemaker,Floor 07,20:30:00,11,0.886036269
Briscoe,Shoemaker,Floor 07,21:00:00,11,0.886036269
Briscoe,Shoemaker,Floor 07,21:30:00,14,1.513830811
Briscoe,Shoemaker,Floor 07,22:00:00,11,0.886036269
Briscoe,Shoemaker,Floor 07,22:30:00,10,0.676771422
Briscoe,Shoemaker,Floor 07,23:00:00,9,0.467506574
Briscoe,Shoemaker,Floor 07,23:30:00,11,0.886036269
Briscoe,Shoemaker,Floor 08,00:00:00,5,-0.521164727
Briscoe,Shoemaker,Floor 08,00:30:00,3,-0.787411924
Briscoe,Shoemaker,Floor 08,01:00:00,3,-0.787411924
Briscoe,Shoemaker,Floor 08,01:30:00,2,-0.920535523
Briscoe,Shoemaker,Floor 08,02:00:00,1,-1.053659121
Briscoe,Shoemaker,Floor 08,02:30:00,1,-1.053659121
Briscoe,Shoemaker,Floor 08,03:00:00,1,-1.053659121
Briscoe,Shoemaker,Floor 08,03:30:00,0,-1.18678272
Briscoe,Shoemaker,Floor 08,04:00:00,NaN,NaN
Briscoe,Shoemaker,Floor 08,04:30:00,0,-1.18678272
Briscoe,Shoemaker,Floor 08,05:00:00,0,-1.18678272
Briscoe,Shoemaker,Floor 08,05:30:00,0,-1.18678272
Briscoe,Shoemaker,Floor 08,06:00:00,0,-1.18678272
Briscoe,Shoemaker,Floor 08,06:30:00,0,-1.18678272
Briscoe,Shoemaker,Floor 08,07:00:00,1,-1.053659121
Briscoe,Shoemaker,Floor 08,07:30:00,0,-1.18678272
Briscoe,Shoemaker,Floor 08,08:00:00,1,-1.053659121
Briscoe,Shoemaker,Floor 08,08:30:00,4,-0.654288325
Briscoe,Shoemaker,Floor 08,09:00:00,4,-0.654288325
Briscoe,Shoemaker,Floor 08,09:30:00,4,-0.654288325
Briscoe,Shoemaker,Floor 08,10:00:00,4,-0.654288325
Briscoe,Shoemaker,Floor 08,10:30:00,6,-0.388041128
Briscoe,Shoemaker,Floor 08,11:00:00,4,-0.654288325
Briscoe,Shoemaker,Floor 08,11:30:00,8,-0.121793931
Briscoe,Shoemaker,Floor 08,12:00:00,13,0.543824063
Briscoe,Shoemaker,Floor 08,12:30:00,10,0.144453267
Briscoe,Shoemaker,Floor 08,13:00:00,10,0.144453267
Briscoe,Shoemaker,Floor 08,13:30:00,17,1.076318457
Briscoe,Shoemaker,Floor 08,14:00:00,16,0.943194859
Briscoe,Shoemaker,Floor 08,14:30:00,15,0.81007126
Briscoe,Shoemaker,Floor 08,15:00:00,24,2.008183648
Briscoe,Shoemaker,Floor 08,15:30:00,22,1.741936451
Briscoe,Shoemaker,Floor 08,16:00:00,22,1.741936451
Briscoe,Shoemaker,Floor 08,16:30:00,20,1.475689253
Briscoe,Shoemaker,Floor 08,17:00:00,22,1.741936451
Briscoe,Shoemaker,Floor 08,17:30:00,13,0.543824063
Briscoe,Shoemaker,Floor 08,18:00:00,13,0.543824063
Briscoe,Shoemaker,Floor 08,18:30:00,15,0.81007126
Briscoe,Shoemaker,Floor 08,19:00:00,18,1.209442056
Briscoe,Shoemaker,Floor 08,19:30:00,17,1.076318457
Briscoe,Shoemaker,Floor 08,20:00:00,17,1.076318457
Briscoe,Shoemaker,Floor 08,20:30:00,14,0.676947661
Briscoe,Shoemaker,Floor 08,21:00:00,17,1.076318457
Briscoe,Shoemaker,Floor 08,21:30:00,10,0.144453267
Briscoe,Shoemaker,Floor 08,22:00:00,14,0.676947661
Briscoe,Shoemaker,Floor 08,22:30:00,13,0.543824063
Briscoe,Shoemaker,Floor 08,23:00:00,9,0.011329668
Briscoe,Shoemaker,Floor 08,23:30:00,6,-0.388041128
Briscoe,Shoemaker,Floor 09,00:00:00,4,-0.583470974
Briscoe,Shoemaker,Floor 09,00:30:00,3,-0.72856693
Briscoe,Shoemaker,Floor 09,01:00:00,3,-0.72856693
Briscoe,Shoemaker,Floor 09,01:30:00,4,-0.583470974
Briscoe,Shoemaker,Floor 09,02:00:00,4,-0.583470974
Briscoe,Shoemaker,Floor 09,02:30:00,2,-0.873662887
Briscoe,Shoemaker,Floor 09,03:00:00,1,-1.018758843
Briscoe,Shoemaker,Floor 09,03:30:00,0,-1.1638548
Briscoe,Shoemaker,Floor 09,04:00:00,NaN,NaN
Briscoe,Shoemaker,Floor 09,04:30:00,0,-1.1638548
Briscoe,Shoemaker,Floor 09,05:00:00,0,-1.1638548
Briscoe,Shoemaker,Floor 09,05:30:00,0,-1.1638548
Briscoe,Shoemaker,Floor 09,06:00:00,0,-1.1638548
Briscoe,Shoemaker,Floor 09,06:30:00,0,-1.1638548
Briscoe,Shoemaker,Floor 09,07:00:00,0,-1.1638548
Briscoe,Shoemaker,Floor 09,07:30:00,0,-1.1638548
Briscoe,Shoemaker,Floor 09,08:00:00,0,-1.1638548
Briscoe,Shoemaker,Floor 09,08:30:00,2,-0.873662887
Briscoe,Shoemaker,Floor 09,09:00:00,3,-0.72856693
Briscoe,Shoemaker,Floor 09,09:30:00,4,-0.583470974
Briscoe,Shoemaker,Floor 09,10:00:00,3,-0.72856693
Briscoe,Shoemaker,Floor 09,10:30:00,5,-0.438375017
Briscoe,Shoemaker,Floor 09,11:00:00,4,-0.583470974
Briscoe,Shoemaker,Floor 09,11:30:00,6,-0.293279061
Briscoe,Shoemaker,Floor 09,12:00:00,6,-0.293279061
Briscoe,Shoemaker,Floor 09,12:30:00,10,0.287104765
Briscoe,Shoemaker,Floor 09,13:00:00,13,0.722392634
Briscoe,Shoemaker,Floor 09,13:30:00,14,0.867488591
Briscoe,Shoemaker,Floor 09,14:00:00,15,1.012584547
Briscoe,Shoemaker,Floor 09,14:30:00,15,1.012584547
Briscoe,Shoemaker,Floor 09,15:00:00,17,1.30277646
Briscoe,Shoemaker,Floor 09,15:30:00,16,1.157680504
Briscoe,Shoemaker,Floor 09,16:00:00,21,1.883160286
Briscoe,Shoemaker,Floor 09,16:30:00,24,2.318448155
Briscoe,Shoemaker,Floor 09,17:00:00,16,1.157680504
Briscoe,Shoemaker,Floor 09,17:30:00,9,0.142008808
Briscoe,Shoemaker,Floor 09,18:00:00,17,1.30277646
Briscoe,Shoemaker,Floor 09,18:30:00,15,1.012584547
Briscoe,Shoemaker,Floor 09,19:00:00,11,0.432200721
Briscoe,Shoemaker,Floor 09,19:30:00,13,0.722392634
Briscoe,Shoemaker,Floor 09,20:00:00,16,1.157680504
Briscoe,Shoemaker,Floor 09,20:30:00,17,1.30277646
Briscoe,Shoemaker,Floor 09,21:00:00,19,1.592968373
Briscoe,Shoemaker,Floor 09,21:30:00,15,1.012584547
Briscoe,Shoemaker,Floor 09,22:00:00,10,0.287104765
Briscoe,Shoemaker,Floor 09,22:30:00,8,-0.003087148
Briscoe,Shoemaker,Floor 09,23:00:00,7,-0.148183104
Briscoe,Shoemaker,Floor 09,23:30:00,5,-0.438375017
Briscoe,Shoemaker,Floor 10,00:00:00,10,0.753260233
Briscoe,Shoemaker,Floor 10,00:30:00,9,0.565941551
Briscoe,Shoemaker,Floor 10,01:00:00,3,-0.557970543
Briscoe,Shoemaker,Floor 10,01:30:00,1,-0.932607908
Briscoe,Shoemaker,Floor 10,02:00:00,1,-0.932607908
Briscoe,Shoemaker,Floor 10,02:30:00,1,-0.932607908
Briscoe,Shoemaker,Floor 10,03:00:00,0,-1.11992659
Briscoe,Shoemaker,Floor 10,03:30:00,0,-1.11992659
Briscoe,Shoemaker,Floor 10,04:00:00,NaN,NaN
Briscoe,Shoemaker,Floor 10,04:30:00,0,-1.11992659
Briscoe,Shoemaker,Floor 10,05:00:00,0,-1.11992659
Briscoe,Shoemaker,Floor 10,05:30:00,0,-1.11992659
Briscoe,Shoemaker,Floor 10,06:00:00,0,-1.11992659
Briscoe,Shoemaker,Floor 10,06:30:00,0,-1.11992659
Briscoe,Shoemaker,Floor 10,07:00:00,0,-1.11992659
Briscoe,Shoemaker,Floor 10,07:30:00,0,-1.11992659
Briscoe,Shoemaker,Floor 10,08:00:00,0,-1.11992659
Briscoe,Shoemaker,Floor 10,08:30:00,0,-1.11992659
Briscoe,Shoemaker,Floor 10,09:00:00,0,-1.11992659
Briscoe,Shoemaker,Floor 10,09:30:00,0,-1.11992659
Briscoe,Shoemaker,Floor 10,10:00:00,0,-1.11992659
Briscoe,Shoemaker,Floor 10,10:30:00,2,-0.745289226
Briscoe,Shoemaker,Floor 10,11:00:00,5,-0.183333178
Briscoe,Shoemaker,Floor 10,11:30:00,4,-0.370651861
Briscoe,Shoemaker,Floor 10,12:00:00,10,0.753260233
Briscoe,Shoemaker,Floor 10,12:30:00,11,0.940578916
Briscoe,Shoemaker,Floor 10,13:00:00,8,0.378622869
Briscoe,Shoemaker,Floor 10,13:30:00,12,1.127897598
Briscoe,Shoemaker,Floor 10,14:00:00,7,0.191304186
Briscoe,Shoemaker,Floor 10,14:30:00,8,0.378622869
Briscoe,Shoemaker,Floor 10,15:00:00,7,0.191304186
Briscoe,Shoemaker,Floor 10,15:30:00,6,0.003985504
Briscoe,Shoemaker,Floor 10,16:00:00,8,0.378622869
Briscoe,Shoemaker,Floor 10,16:30:00,13,1.31521628
Briscoe,Shoemaker,Floor 10,17:00:00,14,1.502534963
Briscoe,Shoemaker,Floor 10,17:30:00,14,1.502534963
Briscoe,Shoemaker,Floor 10,18:00:00,13,1.31521628
Briscoe,Shoemaker,Floor 10,18:30:00,10,0.753260233
Briscoe,Shoemaker,Floor 10,19:00:00,5,-0.183333178
Briscoe,Shoemaker,Floor 10,19:30:00,9,0.565941551
Briscoe,Shoemaker,Floor 10,20:00:00,7,0.191304186
Briscoe,Shoemaker,Floor 10,20:30:00,7,0.191304186
Briscoe,Shoemaker,Floor 10,21:00:00,9,0.565941551
Briscoe,Shoemaker,Floor 10,21:30:00,11,0.940578916
Briscoe,Shoemaker,Floor 10,22:00:00,15,1.689853645
Briscoe,Shoemaker,Floor 10,22:30:00,18,2.251809692
Briscoe,Shoemaker,Floor 10,23:00:00,14,1.502534963
Briscoe,Shoemaker,Floor 10,23:30:00,9,0.565941551
Briscoe,Shoemaker,Floor 11,00:00:00,10,0.366382684
Briscoe,Shoemaker,Floor 11,00:30:00,4,-0.627078055
Briscoe,Shoemaker,Floor 11,01:00:00,6,-0.295924476
Briscoe,Shoemaker,Floor 11,01:30:00,6,-0.295924476
Briscoe,Shoemaker,Floor 11,02:00:00,3,-0.792654845
Briscoe,Shoemaker,Floor 11,02:30:00,4,-0.627078055
Briscoe,Shoemaker,Floor 11,03:00:00,1,-1.123808425
Briscoe,Shoemaker,Floor 11,03:30:00,1,-1.123808425
Briscoe,Shoemaker,Floor 11,04:00:00,NaN,NaN
Briscoe,Shoemaker,Floor 11,04:30:00,0,-1.289385215
Briscoe,Shoemaker,Floor 11,05:00:00,0,-1.289385215
Briscoe,Shoemaker,Floor 11,05:30:00,0,-1.289385215
Briscoe,Shoemaker,Floor 11,06:00:00,0,-1.289385215
Briscoe,Shoemaker,Floor 11,06:30:00,0,-1.289385215
Briscoe,Shoemaker,Floor 11,07:00:00,0,-1.289385215
Briscoe,Shoemaker,Floor 11,07:30:00,1,-1.123808425
Briscoe,Shoemaker,Floor 11,08:00:00,1,-1.123808425
Briscoe,Shoemaker,Floor 11,08:30:00,4,-0.627078055
Briscoe,Shoemaker,Floor 11,09:00:00,4,-0.627078055
Briscoe,Shoemaker,Floor 11,09:30:00,4,-0.627078055
Briscoe,Shoemaker,Floor 11,10:00:00,3,-0.792654845
Briscoe,Shoemaker,Floor 11,10:30:00,3,-0.792654845
Briscoe,Shoemaker,Floor 11,11:00:00,5,-0.461501265
Briscoe,Shoemaker,Floor 11,11:30:00,8,0.035229104
Briscoe,Shoemaker,Floor 11,12:00:00,8,0.035229104
Briscoe,Shoemaker,Floor 11,12:30:00,10,0.366382684
Briscoe,Shoemaker,Floor 11,13:00:00,6,-0.295924476
Briscoe,Shoemaker,Floor 11,13:30:00,8,0.035229104
Briscoe,Shoemaker,Floor 11,14:00:00,8,0.035229104
Briscoe,Shoemaker,Floor 11,14:30:00,15,1.194266633
Briscoe,Shoemaker,Floor 11,15:00:00,25,2.850034532
Briscoe,Shoemaker,Floor 11,15:30:00,20,2.022150583
Briscoe,Shoemaker,Floor 11,16:00:00,18,1.690997003
Briscoe,Shoemaker,Floor 11,16:30:00,17,1.525420213
Briscoe,Shoemaker,Floor 11,17:00:00,13,0.863113054
Briscoe,Shoemaker,Floor 11,17:30:00,13,0.863113054
Briscoe,Shoemaker,Floor 11,18:00:00,12,0.697536264
Briscoe,Shoemaker,Floor 11,18:30:00,12,0.697536264
Briscoe,Shoemaker,Floor 11,19:00:00,9,0.200805894
Briscoe,Shoemaker,Floor 11,19:30:00,10,0.366382684
Briscoe,Shoemaker,Floor 11,20:00:00,11,0.531959474
Briscoe,Shoemaker,Floor 11,20:30:00,11,0.531959474
Briscoe,Shoemaker,Floor 11,21:00:00,9,0.200805894
Briscoe,Shoemaker,Floor 11,21:30:00,13,0.863113054
Briscoe,Shoemaker,Floor 11,22:00:00,16,1.359843423
Briscoe,Shoemaker,Floor 11,22:30:00,15,1.194266633
Briscoe,Shoemaker,Floor 11,23:00:00,11,0.531959474
Briscoe,Shoemaker,Floor 11,23:30:00,8,0.035229104
